{
    "mean": [
        0.41581660509109497,
        0.8687479496002197
    ],
    "std": [
        0.5948689579963684,
        0.1945345103740692
    ]
}